1|Russia|17098242
2|Canada|9984670
3|United States|9826675
4|China|9596961
5|Brazil|8514877
6|Australia|7741220
7|India|3287263
8|Argentina|2780400
9|Kazakhstan|2724900
10|Sudan|2505813
11|Algeria|2381741
12|Congo, Democratic Republic of the|2344858
13|Greenland|2166086
14|Saudi Arabia|2149690
15|Mexico|1964375
16|Indonesia|1904569
17|Libya|1759540
18|Iran|1648195
19|Mongolia|1564116
20|Peru|1285216
21|Chad|1284000
22|Niger|1267000
23|Angola|1246700
24|Mali|1240192
25|South Africa|1219090
26|Colombia|1138910
27|Ethiopia|1104300
28|Bolivia|1098581
29|Mauritania|1030700
30|Egypt|1001450
31|Tanzania|         947300
32|Nigeria|         923768
33|Venezuela|         912050
34|Namibia|         824292
35|Mozambique|         799380
36|Pakistan|         796095
37|Turkey|         783562
38|Chile|         756102
39|Zambia|         752618
40|Burma|         676578
41|Afghanistan|         652230
42|France|         643427
43|Somalia|         637657
44|Central African Republic|         622984
45|Ukraine|         603550
46|Madagascar|         587041
47|Botswana|         581730
48|Kenya|         580367
49|Yemen|         527968
50|Thailand|         513120
51|Spain|         505370
52|Turkmenistan|         488100
53|Cameroon|         475440
54|Papua New Guinea|         462840
55|Sweden|         450295
56|Uzbekistan|         447400
57|Morocco|         446550
58|Iraq|         438317
59|Paraguay|         406752
60|Zimbabwe|         390757
61|Japan|         377915
62|Germany|         357022
63|Congo, Republic of the|         342000
64|Finland|         338145
65|Vietnam|         331210
66|Malaysia|         329847
67|Norway|         323802
68|Cote dIvoire|         322463
69|Poland|         312685
70|Oman|         309500
71|Italy|         301340
72|Philippines|         300000
73|Ecuador|         283561
74|Burkina Faso|         274200
75|New Zealand|         267710
76|Gabon|         267667
77|Western Sahara|         266000
78|Guinea|         245857
79|United Kingdom|         243610
80|Uganda|         241038
81|Ghana|         238533
82|Romania|         238391
83|Laos|         236800
84|Guyana|         214969
85|Belarus|         207600
86|Kyrgyzstan|         199951
87|Senegal|         196722
88|Syria|         185180
89|Cambodia|         181035
90|Uruguay|         176215
91|Suriname|         163820
92|Tunisia|         163610
93|Nepal|         147181
94|Bangladesh|         143998
95|Tajikistan|         143100
96|Greece|         131957
97|Nicaragua|         130370
98|Korea, North|         120538
99|Malawi|         118484
100|Eritrea|         117600
101|Benin|         112622
102|Honduras|         112090
103|Liberia|         111369
104|Bulgaria|         110879
105|Cuba|         110860
106|Guatemala|         108889
107|Iceland|         103000
108|Korea, South|          99720
109|Hungary|          93028
110|Portugal|          92090
111|Jordan|          89342
112|Azerbaijan|          86600
113|Austria|          83871
114|United Arab Emirates|          83600
115|Czech Republic|          78867
116|Serbia|          77474
117|Panama|          75420
118|Sierra Leone|          71740
119|Ireland|          70273
120|Georgia|          69700
121|Sri Lanka|          65610
122|Lithuania|          65300
123|Latvia|          64589
124|Svalbard|          62045
125|Togo|          56785
126|Croatia|          56594
127|British Indian Ocean Territory|          54400
128|Bosnia and Herzegovina|          51197
129|Costa Rica|          51100
130|Slovakia|          49035
131|Dominican Republic|          48670
132|Estonia|          45228
133|Denmark|          43094
134|Netherlands|          41543
135|Switzerland|          41277
136|Bhutan|          38394
137|Guinea-Bissau|          36125
138|Taiwan|          35980
139|Moldova|          33851
140|Belgium|          30528
141|Lesotho|          30355
142|Armenia|          29743
143|Solomon Islands|          28896
144|Albania|          28748
145|Equatorial Guinea|          28051
146|Burundi|          27830
147|Haiti|          27750
148|Rwanda|          26338
149|Macedonia|          25713
150|Djibouti|          23200
151|Belize|          22966
152|Israel|          22072
153|El Salvador|          21041
154|Slovenia|          20273
155|New Caledonia|          18575
156|Fiji|          18274
157|Kuwait|          17818
158|Swaziland|          17364
159|Timor-Leste|          14874
160|Bahamas, The|          13880
161|Montenegro|          13812
162|Puerto Rico|          13790
163|Vanuatu|          12189
164|Falkland Islands (Islas Malvinas)|          12173
165|Qatar|          11586
166|Gambia, The|          11295
167|Jamaica|          10991
168|Kosovo|          10887
169|Lebanon|          10400
170|Cyprus|           9251
171|West Bank|           5860
172|Brunei|           5765
173|Trinidad and Tobago|           5128
174|French Polynesia|           4167
175|Cape Verde|           4033
176|South Georgia and South Sandwich Islands|           3903
177|Samoa|           2831
178|Luxembourg|           2586
179|Comoros|           2235
180|Mauritius|           2040
181|Virgin Islands|           1910
182|Faroe Islands|           1393
183|Hong Kong|           1104
184|Sao Tome and Principe|            964
185|Turks and Caicos Islands|            948
186|Kiribati|            811
187|Netherlands Antilles|            800
188|Bahrain|            760
189|Dominica|            751
190|Tonga|            747
191|Micronesia, Federated States of|            702
192|Singapore|            697
193|Saint Lucia|            616
194|Isle of Man|            572
195|Andorra|            468
196|Northern Mariana Islands|            464
197|Palau|            459
198|Seychelles|            455
199|Curacao|            444
200|Antigua and Barbuda|            443
201|Barbados|            430
202|Heard Island and McDonald Islands|            412
203|Saint Vincent and the Grenadines|            389
204|Jan Mayen|            377
205|Mayotte|            374
206|Gaza Strip|            360
207|Grenada|            344
208|Malta|            316
209|Saint Helena, Ascension, and Tristan da Cunha|            308
210|Maldives|            298
211|Cayman Islands|            264
212|Saint Kitts and Nevis|            261
213|Niue|            260
214|Saint Pierre and Miquelon|            242
215|Cook Islands|            236
216|American Samoa|            199
217|Marshall Islands|            181
218|Aruba|            180
219|Liechtenstein|            160
220|British Virgin Islands|            151
221|Wallis and Futuna|            142
222|Christmas Island|            135
223|Dhekelia|            131
224|Akrotiri|            123
225|Jersey|            116
226|Montserrat|            102
227|Anguilla|             91
228|Guernsey|             78
229|San Marino|             61
230|French Southern and Antarctic Lands|             55
231|Saint Martin|             54
232|Bermuda|             54
233|Bouvet Island|             49
234|Pitcairn Islands|             47
235|Norfolk Island|             36
236|Sint Maarten|             34
237|Macau|             28
238|Tuvalu|             26
239|United States Pacific Island Wildlife Refuges|             22
240|Nauru|             21
241|Cocos (Keeling) Islands|             14
242|Tokelau|             12
243|Gibraltar|              7
244|Wake Island|              7
245|Clipperton Island|              6
246|Navassa Island|              5
247|Ashmore and Cartier Islands|              5
248|Spratly Islands|              5
249|Coral Sea Islands|              3
250|Monaco|              2
251|Holy See (Vatican City)|              0
